<?xml version="1.0" encoding="UTF-8"?>
<!DOCTYPE log4j:configuration SYSTEM "log4j.dtd">
<log4j:configuration xmlns:log4j="http://jakarta.apache.org/log4j/">

	<appender name="TxtAppender" class="org.apache.log4j.DailyRollingFileAppender">
		<param name="Encoding" value="UTF-8" />
		<param name="File" value="logs/application.log" />
		<param name="Append" value="true"/>
		<param name="DatePattern" value="'.'yyyy-MM-dd'.log'"/>
		<layout class="org.apache.log4j.EnhancedPatternLayout">
			<param name="ConversionPattern" value="%d{ISO8601} [%-5p][%-16.16t][%32.32c] - %m%n" />
		</layout>
	</appender>

	<logger name="com.gmail.alaerof">
		<level value="error" />
	</logger>
	<root>
		<appender-ref ref="TxtAppender" />
	</root>
</log4j:configuration>