<?xml version="1.0" encoding="UTF-8"?>
<beans xmlns="http://www.springframework.org/schema/beans"
	xmlns:xsi="http://www.w3.org/2001/XMLSchema-instance"
	xsi:schemaLocation="
	http://www.springframework.org/schema/beans
	http://www.springframework.org/schema/beans/spring-beans-3.2.xsd">

    <!--TODO: looks like you just copy-pasted xml schemas. You don't use here context and util -->

	<bean id="auditoriumService" class="com.epam.spring.core.helen.yrofeeva.services.impl.AuditoriumServiceImpl" />
	<bean id="bookingService" class="com.epam.spring.core.helen.yrofeeva.services.impl.BookingServiceImpl" />
	<bean id="eventActionService" class="com.epam.spring.core.helen.yrofeeva.services.impl.EventActionServiceImpl" />
	<bean id="eventService" class="com.epam.spring.core.helen.yrofeeva.services.impl.EventServiceImpl" />
	<bean id="userService" class="com.epam.spring.core.helen.yrofeeva.services.impl.UserServiceImpl" />
	<bean id="discountService" class="com.epam.spring.core.helen.yrofeeva.services.impl.DiscountServiceImpl"/>
	<bean id="discountStrapegyBirthday"	class="com.epam.spring.core.helen.yrofeeva.discount.DiscountStrapegyBirthday" />
	<bean id="discountStrategyTenTickets" class="com.epam.spring.core.helen.yrofeeva.discount.DiscountStrategyTenTickets" />

</beans>