<?xml version="1.0" encoding="UTF-8"?>
<beans xmlns="http://www.springframework.org/schema/beans"
	xmlns:xsi="http://www.w3.org/2001/XMLSchema-instance" 
	xmlns:util="http://www.springframework.org/schema/util"
	xsi:schemaLocation="http://www.springframework.org/schema/beans
	http://www.springframework.org/schema/beans/spring-beans-3.2.xsd
	http://www.springframework.org/schema/util
    http://www.springframework.org/schema/util/spring-util-3.2.xsd">

	<bean id="locale" class="java.util.Locale">
		<constructor-arg value="ru" />
		<constructor-arg value="RU" />
	</bean>

	<bean id="dateUtil" class="com.epam.spring.core.helen.yrofeeva.utils.DateUtil">
		<constructor-arg index="0">
			<util:constant static-field="java.text.DateFormat.SHORT" />
		</constructor-arg>
		<constructor-arg index="1">
			<util:constant static-field="java.text.DateFormat.SHORT" />
		</constructor-arg>
		<constructor-arg index="2">
			<ref bean="locale" />
		</constructor-arg>
	</bean>
</beans>