<?xml version="1.0" encoding="UTF-8"?>

<!DOCTYPE ejb-jar PUBLIC "-//Sun Microsystems, Inc.//DTD Enterprise JavaBeans 2.0//EN" "http://java.sun.com/dtd/ejb-jar_2_0.dtd">

<ejb-jar >

   <description><![CDATA[No Description.]]></description>
   <display-name>Generated by XDoclet</display-name>

   <enterprise-beans>

      <!-- Session Beans -->
      <session >
         <description><![CDATA[Adapter Added for the Notification Scheduler.]]></description>
         <display-name>ReservationRemoteHostQueueRemovalSv</display-name>

         <ejb-name>ReservationRemoteHostQueueRemovalSv</ejb-name>

         <home>com.datalex.servants.reservation.remotequeueremoval.bean.ReservationRemoteHostQueueRemovalSvHome</home>
         <remote>com.datalex.servants.reservation.remotequeueremoval.bean.ReservationRemoteHostQueueRemovalSv</remote>
         <local-home>com.datalex.xsf.messaging.convbase.ejbimpl.EJBLocalConvServantHome</local-home>
         <local>com.datalex.xsf.messaging.convbase.ejbimpl.EJBLocalConvServant</local>
         <ejb-class>com.datalex.servants.reservation.remotequeueremoval.bean.ReservationRemoteHostQueueRemovalSvBean</ejb-class>
         <session-type>Stateless</session-type>
         <transaction-type>Container</transaction-type>

         <env-entry>
            <env-entry-name>policy</env-entry-name>
            <env-entry-type>java.lang.String</env-entry-type>
            <env-entry-value><![CDATA[ReservationRemoteHostQueueRemovalSv]]></env-entry-value>
         </env-entry>

      </session>

      <session >
         <description><![CDATA[<B>Copyright (c) 2015 Datalex PLC.]]></description>
         <display-name>Matrix TDP - BREReservationChangeAssessmentSv</display-name>

         <ejb-name>BREReservationChangeAssessmentSv</ejb-name>

         <home>com.datalex.servants.reservation.changeassessment.bean.BREReservationChangeAssessmentSvHome</home>
         <remote>com.datalex.servants.reservation.changeassessment.bean.BREReservationChangeAssessmentSv</remote>
         <local-home>com.datalex.xsf.messaging.convbase.ejbimpl.EJBLocalConvServantHome</local-home>
         <local>com.datalex.xsf.messaging.convbase.ejbimpl.EJBLocalConvServant</local>
         <ejb-class>com.datalex.servants.reservation.changeassessment.bean.BREReservationChangeAssessmentSvBean</ejb-class>
         <session-type>Stateless</session-type>
         <transaction-type>Container</transaction-type>

         <env-entry>
            <env-entry-name>policy</env-entry-name>
            <env-entry-type>java.lang.String</env-entry-type>
            <env-entry-value><![CDATA[BREReservationChangeAssessmentSv]]></env-entry-value>
         </env-entry>

      </session>

     <!--
       To add session beans that you have deployment descriptor info for, add
       a file to your XDoclet merge directory called session-beans.xml that contains
       the <session></session> markup for those beans.
     -->

      <!-- Entity Beans -->
     <!--
       To add entity beans that you have deployment descriptor info for, add
       a file to your XDoclet merge directory called entity-beans.xml that contains
       the <entity></entity> markup for those beans.
     -->

      <!-- Message Driven Beans -->
     <!--
       To add message driven beans that you have deployment descriptor info for, add
       a file to your XDoclet merge directory called message-driven-beans.xml that contains
       the <message-driven></message-driven> markup for those beans.
     -->

   </enterprise-beans>

   <!-- Relationships -->

   <!-- Assembly Descriptor -->
     <!--
       To specify your own assembly descriptor info here, add a file to your
       XDoclet merge directory called assembly-descriptor.xml that contains
       the <assembly-descriptor></assembly-descriptor> markup.
     -->

   <assembly-descriptor >
     <!--
       To specify additional security-role elements, add a file in the merge
       directory called ejb-security-roles.xml that contains them.
     -->

   <!-- method permissions -->
     <!--
       To specify additional method-permission elements, add a file in the merge
       directory called ejb-method-permissions.ent that contains them.
     -->

   <!-- transactions -->
     <!--
       To specify additional container-transaction elements, add a file in the merge
       directory called ejb-container-transactions.ent that contains them.
     -->
   <container-transaction >
      <method >
         <ejb-name>ReservationRemoteHostQueueRemovalSv</ejb-name>
          <method-name>*</method-name>
       </method>
       <trans-attribute>NotSupported</trans-attribute>
    </container-transaction>
   <container-transaction >
      <method >
         <ejb-name>BREReservationChangeAssessmentSv</ejb-name>
          <method-name>*</method-name>
       </method>
       <trans-attribute>Supports</trans-attribute>
    </container-transaction>

   <!-- finder transactions -->

   <!-- message destinations -->
     <!--
       To specify additional message-destination elements, add a file in the merge
       directory called ejb-message-destinations.ent that contains them.
     -->

   <!-- exclude list -->
     <!--
       To specify an exclude-list element, add a file in the merge directory
       called ejb-exclude-list.xml that contains it.
     -->
   </assembly-descriptor>

</ejb-jar>
