<?xml version="1.0" encoding="UTF-8"?>

<!DOCTYPE weblogic-ejb-jar PUBLIC "-//BEA Systems, Inc.//DTD WebLogic 8.1.0 EJB//EN" "http://www.bea.com/servers/wls810/dtd/weblogic-ejb-jar.dtd">

<weblogic-ejb-jar>
 <description><![CDATA[Generated by XDoclet]]></description>
   <weblogic-enterprise-bean>
      <ejb-name>ReservationRemoteHostQueueRemovalSv</ejb-name>
      <stateless-session-descriptor>
         <pool>
            <max-beans-in-free-pool>100</max-beans-in-free-pool>
            <initial-beans-in-free-pool>0</initial-beans-in-free-pool>
         </pool>
         <stateless-clustering>
            <stateless-bean-is-clusterable>True</stateless-bean-is-clusterable>
         </stateless-clustering>
      </stateless-session-descriptor>
      <reference-descriptor>
      </reference-descriptor>
      <enable-call-by-reference>True</enable-call-by-reference>

      <jndi-name>ReservationRemoteHostQueueRemovalSv</jndi-name>
      <local-jndi-name>local/LocalReservationRemoteHostQueueRemovalSv</local-jndi-name>
   </weblogic-enterprise-bean>
   <weblogic-enterprise-bean>
      <ejb-name>BREReservationChangeAssessmentSv</ejb-name>
      <stateless-session-descriptor>
         <pool>
            <max-beans-in-free-pool>100</max-beans-in-free-pool>
            <initial-beans-in-free-pool>0</initial-beans-in-free-pool>
         </pool>
         <stateless-clustering>
            <stateless-bean-is-clusterable>True</stateless-bean-is-clusterable>
         </stateless-clustering>
      </stateless-session-descriptor>
      <reference-descriptor>
      </reference-descriptor>
      <enable-call-by-reference>True</enable-call-by-reference>

      <jndi-name>BREReservationChangeAssessmentSv</jndi-name>
      <local-jndi-name>BREReservationChangeAssessmentSvLocal</local-jndi-name>
   </weblogic-enterprise-bean>
<!-- 
To add enterprise beans that you have deployment descriptor info for, add 
a file to your XDoclet merge directory called weblogic-enterprise-beans.xml that contains 
the <weblogic-enterprise-bean></weblogic-enterprise-bean> markup for those beans. 
--> 

 <!-- 
 To add a security-role-assignment section, add 
 a file to your XDoclet merge directory called weblogic-security-role-assignment.xml that contains 
 the <security-role-assignment></security-role-assignment> markup. 
 -->  

 <!-- 
 To add a run-as-role-assignment section, add 
 a file to your XDoclet merge directory called weblogic-run-as-role-assignment.xml that contains 
 the <run-as-role-assignment></run-as-role-assignment> markup. 
 --> 

    <idempotent-methods>
    </idempotent-methods>

</weblogic-ejb-jar>
